,pearson_ic,spearman_ic,ic_cumsum
2024-01-01 17:00:00+00:00,,,0.0
2024-01-02 05:00:00+00:00,,,0.0
2024-01-02 17:00:00+00:00,,,0.0
2024-01-03 05:00:00+00:00,,,0.0
2024-01-03 17:00:00+00:00,,,0.0
2024-01-04 05:00:00+00:00,,,0.0
2024-01-04 17:00:00+00:00,,,0.0
2024-01-05 05:00:00+00:00,,,0.0
2024-01-05 17:00:00+00:00,,,0.0
2024-01-06 05:00:00+00:00,,,0.0
2024-01-06 17:00:00+00:00,,,0.0
2024-01-07 05:00:00+00:00,,,0.0
2024-01-07 17:00:00+00:00,,,0.0
2024-01-08 05:00:00+00:00,,,0.0
2024-01-08 17:00:00+00:00,,,0.0
2024-01-09 05:00:00+00:00,,,0.0
2024-01-09 17:00:00+00:00,,,0.0
2024-01-10 05:00:00+00:00,,,0.0
2024-01-10 17:00:00+00:00,,,0.0
2024-01-11 05:00:00+00:00,,,0.0
2024-01-11 17:00:00+00:00,,,0.0
2024-01-12 05:00:00+00:00,,,0.0
2024-01-12 17:00:00+00:00,,,0.0
2024-01-13 05:00:00+00:00,,,0.0
2024-01-13 17:00:00+00:00,,,0.0
2024-01-14 05:00:00+00:00,,,0.0
2024-01-14 17:00:00+00:00,,,0.0
2024-01-15 05:00:00+00:00,,,0.0
2024-01-15 17:00:00+00:00,,,0.0
2024-01-16 05:00:00+00:00,,,0.0
2024-01-16 17:00:00+00:00,,,0.0
2024-01-17 05:00:00+00:00,,,0.0
2024-01-17 17:00:00+00:00,,,0.0
2024-01-18 05:00:00+00:00,,,0.0
2024-01-18 17:00:00+00:00,,,0.0
2024-01-19 05:00:00+00:00,,,0.0
2024-01-19 17:00:00+00:00,,,0.0
2024-01-20 05:00:00+00:00,,,0.0
2024-01-20 17:00:00+00:00,,,0.0
2024-01-21 05:00:00+00:00,,,0.0
2024-01-21 17:00:00+00:00,,,0.0
2024-01-22 05:00:00+00:00,,,0.0
2024-01-22 17:00:00+00:00,,,0.0
2024-01-23 05:00:00+00:00,,,0.0
2024-01-23 17:00:00+00:00,,,0.0
2024-01-24 05:00:00+00:00,,,0.0
2024-01-24 17:00:00+00:00,,,0.0
2024-01-25 05:00:00+00:00,,,0.0
2024-01-25 17:00:00+00:00,,,0.0
2024-01-26 05:00:00+00:00,-0.18641252956311075,-0.3165590715536122,-0.18641252956311075
2024-01-26 17:00:00+00:00,-0.207793485112855,-0.3537866186267858,-0.3942060146759657
2024-01-27 05:00:00+00:00,-0.20491784370284685,-0.34843350093573605,-0.5991238583788125
2024-01-27 17:00:00+00:00,-0.2134621179191979,-0.37908855311680495,-0.8125859762980104
2024-01-28 05:00:00+00:00,-0.24312299484449784,-0.41803073467819807,-1.0557089711425083
2024-01-28 17:00:00+00:00,-0.29064790462144025,-0.45922914231419243,-1.3463568757639486
2024-01-29 05:00:00+00:00,-0.2971061567288958,-0.48964764164203073,-1.6434630324928443
2024-01-29 17:00:00+00:00,-0.3394396885224098,-0.5488511447517413,-1.982902721015254
2024-01-30 05:00:00+00:00,-0.34402114557504215,-0.5518120897277236,-2.3269238665902963
2024-01-30 17:00:00+00:00,-0.33602181366993256,-0.5399899287157524,-2.6629456802602287
2024-01-31 05:00:00+00:00,-0.33357432423465366,-0.5393337675662534,-2.9965200044948825
2024-01-31 17:00:00+00:00,-0.31248616316381844,-0.49148481583605125,-3.309006167658701
2024-02-01 05:00:00+00:00,-0.3078391771937931,-0.49138015253057676,-3.6168453448524938
2024-02-01 17:00:00+00:00,-0.2892743800090844,-0.43043740840000244,-3.906119724861578
2024-02-02 05:00:00+00:00,-0.291948959500523,-0.4354506929782443,-4.198068684362101
2024-02-02 17:00:00+00:00,-0.4008129963167855,-0.522913469536178,-4.598881680678887
2024-02-03 05:00:00+00:00,-0.4001023882585468,-0.5207740187304152,-4.998984068937434
2024-02-03 17:00:00+00:00,-0.393298939449557,-0.50061654020552,-5.392283008386991
2024-02-04 05:00:00+00:00,-0.3953326899500962,-0.504136488767489,-5.787615698337087
2024-02-04 17:00:00+00:00,-0.4564313371609913,-0.49730434173154786,-6.2440470354980775
2024-02-05 05:00:00+00:00,-0.4636163638862996,-0.50158910236304,-6.707663399384377
2024-02-05 17:00:00+00:00,-0.44008175439597497,-0.4668026858741415,-7.1477451537803525
2024-02-06 05:00:00+00:00,-0.4366472230422427,-0.45833025157042473,-7.584392376822596
2024-02-06 17:00:00+00:00,-0.5246893610414881,-0.44752759063409225,-8.109081737864084
2024-02-07 05:00:00+00:00,-0.5177108526556775,-0.43318692914208357,-8.626792590519761
2024-02-07 17:00:00+00:00,-0.4931844186334983,-0.38651083757256743,-9.11997700915326
2024-02-08 05:00:00+00:00,-0.48510771519538587,-0.3562734630432341,-9.605084724348647
2024-02-08 17:00:00+00:00,-0.485533748571455,-0.3562000624886656,-10.090618472920102
2024-02-09 05:00:00+00:00,-0.4532779839375593,-0.3126086553612565,-10.543896456857661
2024-02-09 17:00:00+00:00,-0.3726205799953827,-0.24608033571099547,-10.916517036853044
2024-02-10 05:00:00+00:00,-0.37108703255098735,-0.24249916337228553,-11.287604069404031
2024-02-10 17:00:00+00:00,-0.3604468948599574,-0.21641677339273382,-11.64805096426399
2024-02-11 05:00:00+00:00,-0.3751379045986819,-0.24392767414752844,-12.023188868862672
2024-02-11 17:00:00+00:00,-0.38221960929339127,-0.2512600988523353,-12.405408478156064
2024-02-12 05:00:00+00:00,-0.3787231420444662,-0.2475474882707124,-12.78413162020053
2024-02-12 17:00:00+00:00,-0.3238340837512782,-0.2041010775750114,-13.107965703951807
2024-02-13 05:00:00+00:00,-0.3212621427237924,-0.1936604258665229,-13.4292278466756
2024-02-13 17:00:00+00:00,-0.2309382298157712,-0.19039132602233275,-13.660166076491372
2024-02-14 05:00:00+00:00,-0.232056189715354,-0.19056301607017648,-13.892222266206726
2024-02-14 17:00:00+00:00,-0.22614097961241042,-0.17607321207675614,-14.118363245819136
2024-02-15 05:00:00+00:00,-0.23519201268599618,-0.20241509093380994,-14.353555258505132
2024-02-15 17:00:00+00:00,-0.2235965991236992,-0.19866894865927873,-14.57715185762883
2024-02-16 05:00:00+00:00,-0.1288083949103569,-0.1475467114592374,-14.705960252539187
2024-02-16 17:00:00+00:00,-0.10014911936505652,-0.1005662909189275,-14.806109371904244
2024-02-17 05:00:00+00:00,-0.09852439595695052,-0.09827196085725261,-14.904633767861194
2024-02-17 17:00:00+00:00,-0.1260623844354105,-0.13996192991542844,-15.030696152296604
2024-02-18 05:00:00+00:00,-0.12778318021260718,-0.14893220489867076,-15.158479332509211
2024-02-18 17:00:00+00:00,-0.12684895312883557,-0.14757920963136886,-15.285328285638046
2024-02-19 05:00:00+00:00,-0.13124496757047238,-0.15357729487007724,-15.416573253208519
2024-02-19 17:00:00+00:00,-0.1615775670380412,-0.17558439058184688,-15.57815082024656
2024-02-20 05:00:00+00:00,-0.1621560410905244,-0.17487462044158492,-15.740306861337084
2024-02-20 17:00:00+00:00,-0.15008023016127778,-0.17567880434495178,-15.890387091498361
2024-02-21 05:00:00+00:00,-0.1535115039977605,-0.1875922728895536,-16.04389859549612
2024-02-21 17:00:00+00:00,-0.1351335118696714,-0.17071830855472162,-16.179032107365792
2024-02-22 05:00:00+00:00,-0.09483647564072403,-0.1302239926975135,-16.273868583006514
2024-02-22 17:00:00+00:00,-0.11188038743767965,-0.16924911668764692,-16.385748970444194
2024-02-23 05:00:00+00:00,-0.10571205702700144,-0.1534274815176047,-16.491461027471196
2024-02-23 17:00:00+00:00,-0.01917603134799925,-0.10246968715977234,-16.510637058819196
2024-02-24 05:00:00+00:00,-0.0120875770945639,-0.08527364124931745,-16.52272463591376
2024-02-24 17:00:00+00:00,-0.002172881264257833,-0.06070166103325379,-16.52489751717802
2024-02-25 05:00:00+00:00,-0.006276090727066285,-0.06927860880783233,-16.531173607905085
2024-02-25 17:00:00+00:00,-0.04872280913705215,-0.12876168824002293,-16.579896417042136
2024-02-26 05:00:00+00:00,-0.040332132687781345,-0.11386919061023926,-16.620228549729916
2024-02-26 17:00:00+00:00,-0.05196587013900067,-0.13878816645417913,-16.672194419868916
2024-02-27 05:00:00+00:00,0.0053017979653492125,-0.07574701091258529,-16.666892621903568
2024-02-27 17:00:00+00:00,-0.013239604356219148,-0.09502086873761041,-16.680132226259786
2024-02-28 05:00:00+00:00,-0.0176869239898262,-0.10760577421843456,-16.69781915024961
2024-02-28 17:00:00+00:00,-0.3020395645563997,-0.1689663146505177,-16.99985871480601
2024-02-29 05:00:00+00:00,-0.29221821190337066,-0.16044679737568596,-17.29207692670938
2024-02-29 17:00:00+00:00,-0.18394438600209667,-0.09070126256601269,-17.476021312711477
2024-03-01 05:00:00+00:00,-0.18293802216441216,-0.10568480458045058,-17.658959334875888
2024-03-01 17:00:00+00:00,-0.2027705965889123,-0.1499013882753492,-17.8617299314648
2024-03-02 05:00:00+00:00,-0.19876508221815006,-0.12777614804495155,-18.06049501368295
2024-03-02 17:00:00+00:00,-0.1960160596789985,-0.12255990423847456,-18.25651107336195
2024-03-03 05:00:00+00:00,-0.19272344253042786,-0.11937318101904273,-18.44923451589238
2024-03-03 17:00:00+00:00,-0.21030067797372376,-0.1713118756094096,-18.659535193866102
2024-03-04 05:00:00+00:00,-0.21713185978191554,-0.20105047166781784,-18.876667053648017
2024-03-04 17:00:00+00:00,-0.18044955246149294,-0.15832224292841593,-19.05711660610951
2024-03-05 05:00:00+00:00,-0.17747036820746115,-0.1542043324483245,-19.234586974316972
2024-03-05 17:00:00+00:00,-0.21751239355233254,-0.20394025394666382,-19.452099367869305
2024-03-06 05:00:00+00:00,-0.06559952002851273,-0.1540407603752798,-19.51769888789782
2024-03-06 17:00:00+00:00,-0.06257550843543173,-0.13285403453914016,-19.58027439633325
2024-03-07 05:00:00+00:00,-0.05469556193615664,-0.10513310912378605,-19.63496995826941
2024-03-07 17:00:00+00:00,-0.04567403698125034,-0.07172553923078512,-19.68064399525066
2024-03-08 05:00:00+00:00,-0.04188249211379583,-0.057872209649037276,-19.722526487364455
2024-03-08 17:00:00+00:00,-0.07269656784814263,-0.08230372074125399,-19.7952230552126
2024-03-09 05:00:00+00:00,-0.06973903964248057,-0.07134247336033708,-19.86496209485508
2024-03-09 17:00:00+00:00,-0.020981125835471813,-0.01697119001355229,-19.885943220690553
2024-03-10 05:00:00+00:00,-0.02249751730223802,-0.02644964171150578,-19.90844073799279
2024-03-10 17:00:00+00:00,-0.026135626365982607,-0.03972741767868761,-19.934576364358772
2024-03-11 05:00:00+00:00,-0.022302266483769016,-0.017865606188331055,-19.956878630842542
2024-03-11 17:00:00+00:00,-0.02844019013066651,-0.02054578394214305,-19.98531882097321
2024-03-12 05:00:00+00:00,-0.0318268189222601,-0.025685967359304795,-20.017145639895467
2024-03-12 17:00:00+00:00,-0.06257232757318591,-0.0720612108278202,-20.079717967468653
2024-03-13 05:00:00+00:00,-0.06587351400318056,-0.07923678887028308,-20.145591481471833
2024-03-13 17:00:00+00:00,-0.05327282139303224,-0.052446407895550724,-20.198864302864866
2024-03-14 05:00:00+00:00,-0.05333876187576625,-0.056104682417836324,-20.252203064740634
2024-03-14 17:00:00+00:00,-0.015921602546502506,-0.002125504946423893,-20.268124667287136
2024-03-15 05:00:00+00:00,0.0049620391935132225,0.020499581700033385,-20.263162628093625
2024-03-15 17:00:00+00:00,0.023675148680598085,0.06371822342583248,-20.239487479413025
2024-03-16 05:00:00+00:00,0.025212329469447025,0.06841675734589288,-20.214275149943578
2024-03-16 17:00:00+00:00,0.057505261413305496,0.1258617216955262,-20.156769888530274
2024-03-17 05:00:00+00:00,0.05755652556864119,0.13107263335358382,-20.09921336296163
2024-03-17 17:00:00+00:00,0.07768898331833898,0.16438588741843912,-20.021524379643292
2024-03-18 05:00:00+00:00,0.07742400259791014,0.1685986300505104,-19.94410037704538
2024-03-18 17:00:00+00:00,0.06490476069585506,0.1379958830333402,-19.879195616349524
2024-03-19 05:00:00+00:00,0.08679895198274754,0.1749440999994982,-19.792396664366777
2024-03-19 17:00:00+00:00,0.0837844335877835,0.16772974836537552,-19.708612230778993
2024-03-20 05:00:00+00:00,0.0932290799982305,0.1850041287004904,-19.61538315078076
2024-03-20 17:00:00+00:00,0.07742384033267978,0.16708299943086524,-19.53795931044808
2024-03-21 05:00:00+00:00,0.07478894964748528,0.15520216238633117,-19.463170360800596
2024-03-21 17:00:00+00:00,0.08794624128965396,0.1889274054189614,-19.375224119510943
2024-03-22 05:00:00+00:00,0.09106204314448366,0.20391275219745403,-19.28416207636646
2024-03-22 17:00:00+00:00,0.07591775180346445,0.16563910779939175,-19.208244324562994
2024-03-23 05:00:00+00:00,0.05935726511153737,0.1460965024344826,-19.148887059451457
2024-03-23 17:00:00+00:00,0.06156876952982852,0.15602483954351962,-19.08731828992163
2024-03-24 05:00:00+00:00,0.061692067470057295,0.1571628341229505,-19.02562622245157
2024-03-24 17:00:00+00:00,0.2358203514798682,0.21840065113465218,-18.7898058709717
2024-03-25 05:00:00+00:00,0.22206132551055763,0.18320489139980034,-18.567744545461142
2024-03-25 17:00:00+00:00,0.22063911551044896,0.18488864749508785,-18.347105429950695
2024-03-26 05:00:00+00:00,0.22267533810367476,0.19129899885347368,-18.12443009184702
2024-03-26 17:00:00+00:00,0.22470717812820173,0.1945722517398929,-17.89972291371882
2024-03-27 05:00:00+00:00,0.22357511736401076,0.18955336971757686,-17.676147796354808
2024-03-27 17:00:00+00:00,0.23747068880494882,0.21436404074198387,-17.43867710754986
2024-03-28 05:00:00+00:00,0.2356859518454309,0.2125034685754591,-17.20299115570443
2024-03-28 17:00:00+00:00,0.2519707036618115,0.2487135735378554,-16.95102045204262
2024-03-29 05:00:00+00:00,0.26773923044692644,0.2963926274654328,-16.683281221595692
2024-03-29 17:00:00+00:00,0.25387722596906714,0.25165828372211385,-16.429403995626625
2024-03-30 05:00:00+00:00,0.2436919124551464,0.2122268787550108,-16.185712083171477
2024-03-30 17:00:00+00:00,0.24929116762371845,0.2161988052281493,-15.936420915547759
2024-03-31 05:00:00+00:00,0.17283732162604906,0.18809830050135354,-15.763583593921709
2024-03-31 17:00:00+00:00,0.16492151096255817,0.16710890826274813,-15.59866208295915
2024-04-01 05:00:00+00:00,0.16966879710331959,0.1820473329670279,-15.42899328585583
2024-04-01 17:00:00+00:00,0.15876870260824918,0.15613623746059313,-15.27022458324758
2024-04-02 05:00:00+00:00,0.1348068994010116,0.1265512939433838,-15.135417683846569
2024-04-02 17:00:00+00:00,0.12434189358301273,0.09455516478367977,-15.011075790263556
2024-04-03 05:00:00+00:00,0.11255856325026511,0.06005299954547024,-14.89851722701329
2024-04-03 17:00:00+00:00,0.1074765539880213,0.05238797330307108,-14.791040673025268
2024-04-04 05:00:00+00:00,0.10930796443128919,0.05503590231803078,-14.681732708593978
2024-04-04 17:00:00+00:00,0.17999147391305878,0.10076261585585067,-14.50174123468092
2024-04-05 05:00:00+00:00,0.18660475884907912,0.12265937848794113,-14.31513647583184
2024-04-05 17:00:00+00:00,0.16588692519711212,0.09455089559894525,-14.149249550634728
2024-04-06 05:00:00+00:00,0.16934260950322824,0.10512314707937821,-13.9799069411315
2024-04-06 17:00:00+00:00,0.19923356455547903,0.1538169250928756,-13.78067337657602
2024-04-07 05:00:00+00:00,0.20303909578534915,0.16662394622199186,-13.57763428079067
2024-04-07 17:00:00+00:00,0.19401481020156053,0.1427538848453915,-13.38361947058911
2024-04-08 05:00:00+00:00,0.19429379538281763,0.14247319320897978,-13.189325675206293
2024-04-08 17:00:00+00:00,0.17395946396518316,0.1023285247310134,-13.01536621124111
2024-04-09 05:00:00+00:00,0.17804070803309532,0.09372710340516564,-12.837325503208016
2024-04-09 17:00:00+00:00,0.15754100006089528,0.06685242995776831,-12.67978450314712
2024-04-10 05:00:00+00:00,0.158094357605451,0.06871468850791206,-12.521690145541669
2024-04-10 17:00:00+00:00,0.13624208598480675,0.01532811403241693,-12.385448059556863
2024-04-11 05:00:00+00:00,0.13513450393551069,0.008754310644727401,-12.250313555621352
2024-04-11 17:00:00+00:00,0.10366326941389052,-0.04451079183723095,-12.14665028620746
2024-04-12 05:00:00+00:00,0.09359821427178383,-0.07548419110651462,-12.053052071935676
2024-04-12 17:00:00+00:00,0.16628248410706034,0.002928831899124445,-11.886769587828615
2024-04-13 05:00:00+00:00,0.1415287921692713,-0.056438847894023855,-11.745240795659344
2024-04-13 17:00:00+00:00,0.14635350774286643,-0.036237749778603064,-11.598887287916478
2024-04-14 05:00:00+00:00,0.13440352827467142,-0.08036763514618006,-11.464483759641807
2024-04-14 17:00:00+00:00,0.14762430417240738,-0.08221106587460844,-11.3168594554694
2024-04-15 05:00:00+00:00,0.155922189111236,-0.05334975644768259,-11.160937266358165
2024-04-15 17:00:00+00:00,0.15544757336579976,-0.047964107662139016,-11.005489692992365
2024-04-16 05:00:00+00:00,0.12683415883706184,-0.10163950753232527,-10.878655534155303
2024-04-16 17:00:00+00:00,0.15565578175936387,-0.06894252311330286,-10.722999752395939
2024-04-17 05:00:00+00:00,0.14538861723749338,-0.10310199525153284,-10.577611135158445
2024-04-17 17:00:00+00:00,-0.023308607829658982,-0.13795714228611458,-10.600919742988104
2024-04-18 05:00:00+00:00,-0.028875464473409017,-0.14507527670996248,-10.629795207461513
2024-04-18 17:00:00+00:00,-0.0814721590731704,-0.1850143305681747,-10.711267366534683
2024-04-19 05:00:00+00:00,-0.07601349774891825,-0.16027536841205448,-10.787280864283602
2024-04-19 17:00:00+00:00,-0.14940290123064903,-0.22729640427315517,-10.936683765514251
2024-04-20 05:00:00+00:00,-0.14551494726370995,-0.21976293017817394,-11.082198712777961
2024-04-20 17:00:00+00:00,-0.10156552446858154,-0.14738242514129332,-11.183764237246542
2024-04-21 05:00:00+00:00,-0.10551358247754464,-0.15592539202823782,-11.289277819724088
2024-04-21 17:00:00+00:00,-0.12690067808778155,-0.2043121840232365,-11.41617849781187
2024-04-22 05:00:00+00:00,-0.09189679606495342,-0.15482854976068885,-11.508075293876823
2024-04-22 17:00:00+00:00,-0.08831283931827033,-0.1468659763560585,-11.596388133195093
2024-04-23 05:00:00+00:00,-0.09342701129922827,-0.1718475987617855,-11.689815144494322
2024-04-23 17:00:00+00:00,-0.08521942564235283,-0.15426570223468367,-11.775034570136674
2024-04-24 05:00:00+00:00,-0.08970726999568503,-0.1611663602680769,-11.864741840132359
2024-04-24 17:00:00+00:00,-0.08301142420012735,-0.14366220433722632,-11.947753264332485
2024-04-25 05:00:00+00:00,-0.08803324240238952,-0.15472874956635407,-12.035786506734874
2024-04-25 17:00:00+00:00,-0.07569496144378754,-0.1261282710872024,-12.111481468178662
2024-04-26 05:00:00+00:00,-0.11041386075265788,-0.17452727267351748,-12.22189532893132
2024-04-26 17:00:00+00:00,-0.11630731556440038,-0.1938568529805263,-12.33820264449572
2024-04-27 05:00:00+00:00,-0.10389112512016754,-0.16667359852321448,-12.442093769615887
2024-04-27 17:00:00+00:00,-0.10665880528358225,-0.17213022308365325,-12.548752574899469
2024-04-28 05:00:00+00:00,-0.09380897752686826,-0.14270746296553943,-12.642561552426336
2024-04-28 17:00:00+00:00,-0.09200465473777668,-0.14386384152311357,-12.734566207164113
2024-04-29 05:00:00+00:00,-0.08316668155060293,-0.11867784003785332,-12.817732888714716
2024-04-29 17:00:00+00:00,-0.19592080512139212,-0.15051330670318402,-13.013653693836108
2024-04-30 05:00:00+00:00,-0.23133093999459434,-0.17932505733080328,-13.244984633830702
2024-04-30 17:00:00+00:00,-0.20485603527094665,-0.16094547796662875,-13.449840669101649
2024-05-01 05:00:00+00:00,-0.21036901235096653,-0.16389874815167735,-13.660209681452615
2024-05-01 17:00:00+00:00,-0.2429258790254454,-0.2052564461999556,-13.903135560478061
2024-05-02 05:00:00+00:00,-0.24697141681409865,-0.21961741783638608,-14.15010697729216
2024-05-02 17:00:00+00:00,-0.2172729965231632,-0.16882178810909104,-14.367379973815323
2024-05-03 05:00:00+00:00,-0.22494413258640142,-0.1815557514831936,-14.592324106401724
2024-05-03 17:00:00+00:00,-0.19125184221188685,-0.1462678155886572,-14.783575948613612
2024-05-04 05:00:00+00:00,-0.18010053545388585,-0.13084158439967405,-14.963676484067497
2024-05-04 17:00:00+00:00,-0.17900963301449307,-0.12733108493830378,-15.14268611708199
2024-05-05 05:00:00+00:00,-0.1761391452368947,-0.11581246710324265,-15.318825262318885
2024-05-05 17:00:00+00:00,-0.1688308712496225,-0.10493521227923848,-15.487656133568509
2024-05-06 05:00:00+00:00,-0.1690960260320743,-0.10582427346140574,-15.656752159600583
2024-05-06 17:00:00+00:00,-0.1579448434054607,-0.08110796430011652,-15.814697003006044
2024-05-07 05:00:00+00:00,-0.14873855267663924,-0.06180010202354621,-15.963435555682683
2024-05-07 17:00:00+00:00,-0.2496108717539132,-0.09814047638233482,-16.213046427436595
2024-05-08 05:00:00+00:00,-0.23881435690863512,-0.07938697164607898,-16.45186078434523
2024-05-08 17:00:00+00:00,-0.24859472629651014,-0.08777390251016232,-16.70045551064174
2024-05-09 05:00:00+00:00,-0.24548731172202226,-0.07315674442633316,-16.94594282236376
2024-05-09 17:00:00+00:00,-0.24394309158500802,-0.05868194481530634,-17.18988591394877
2024-05-10 05:00:00+00:00,-0.26862683362190326,-0.09733017000876082,-17.458512747570673
2024-05-10 17:00:00+00:00,-0.1713671866332968,-0.07444260275997083,-17.62987993420397
2024-05-11 05:00:00+00:00,-0.1576675533812432,-0.04659656053887159,-17.787547487585215
2024-05-11 17:00:00+00:00,-0.16513288336392692,-0.07192764536051995,-17.952680370949142
2024-05-12 05:00:00+00:00,-0.15706796929898043,-0.05147186324459612,-18.109748340248125
2024-05-12 17:00:00+00:00,0.061023495634126,0.01348147883231685,-18.048724844614
2024-05-13 05:00:00+00:00,0.08352351140815531,0.051183699537260194,-17.965201333205844
2024-05-13 17:00:00+00:00,0.17555294901177335,0.06714601051882488,-17.78964838419407
2024-05-14 05:00:00+00:00,0.1648041976018385,0.03425881427917365,-17.62484418659223
2024-05-14 17:00:00+00:00,0.18708801727485325,0.07640610688372171,-17.437756169317378
2024-05-15 05:00:00+00:00,0.18878015233105305,0.08128866404997764,-17.248976016986326
2024-05-15 17:00:00+00:00,0.1775681777278461,0.07288977404943302,-17.07140783925848
2024-05-16 05:00:00+00:00,0.18306550559670867,0.08717349121443971,-16.88834233366177
2024-05-16 17:00:00+00:00,0.19946766964662013,0.12087860999898907,-16.688874664015152
2024-05-17 05:00:00+00:00,0.16149218809175817,0.08971853602281693,-16.527382475923392
2024-05-17 17:00:00+00:00,0.1264605216599953,0.04069150949193406,-16.400921954263396
2024-05-18 05:00:00+00:00,0.13397990865396825,0.05799884156272842,-16.266942045609426
2024-05-18 17:00:00+00:00,0.13617895778962327,0.065120306168329,-16.1307630878198
2024-05-19 05:00:00+00:00,0.1553557937096502,0.09223000897734548,-15.97540729411015
2024-05-19 17:00:00+00:00,0.14620774452257632,0.07856163569132846,-15.829199549587575
2024-05-20 05:00:00+00:00,0.1429427051794375,0.07203154081654484,-15.686256844408137
2024-05-20 17:00:00+00:00,0.1508415833635518,0.07480768772496821,-15.535415261044585
2024-05-21 05:00:00+00:00,0.1894175038077228,0.13630542645718494,-15.345997757236862
2024-05-21 17:00:00+00:00,0.16817167805350275,0.12575381125160992,-15.17782607918336
2024-05-22 05:00:00+00:00,0.1504419362969831,0.0864778170500941,-15.027384142886376
2024-05-22 17:00:00+00:00,0.16902146038797528,0.09160936716114655,-14.8583626824984
2024-05-23 05:00:00+00:00,0.16464946283695855,0.08100932339874188,-14.693713219661442
2024-05-23 17:00:00+00:00,0.19926836128409753,0.1191300199275795,-14.494444858377344
2024-05-24 05:00:00+00:00,0.19034437392455364,0.10779543408820277,-14.30410048445279
2024-05-24 17:00:00+00:00,0.21834872538555555,0.12901033212754548,-14.085751759067236
2024-05-25 05:00:00+00:00,0.21877460060587417,0.126777331932627,-13.866977158461362
2024-05-25 17:00:00+00:00,0.26085576085355433,0.15166160910803722,-13.606121397607808
2024-05-26 05:00:00+00:00,0.26078434263495287,0.14528188516915816,-13.345337054972855
2024-05-26 17:00:00+00:00,0.3743077979252412,0.2128318618415406,-12.971029257047615
2024-05-27 05:00:00+00:00,0.38141581845873296,0.23455814998370128,-12.589613438588882
2024-05-27 17:00:00+00:00,0.3517981479813244,0.20051014670950051,-12.237815290607559
2024-05-28 05:00:00+00:00,0.2818541919689509,0.15944799158454473,-11.955961098638609
2024-05-28 17:00:00+00:00,0.2520333834959503,0.12142976369651243,-11.703927715142658
2024-05-29 05:00:00+00:00,0.22323773038916706,0.06495375976199337,-11.480689984753491
2024-05-29 17:00:00+00:00,0.22961948655663741,0.079110366967293,-11.251070498196853
2024-05-30 05:00:00+00:00,0.2260905366730147,0.06619091723601005,-11.024979961523838
2024-05-30 17:00:00+00:00,0.268752195481285,0.1262218261053778,-10.756227766042553
2024-05-31 05:00:00+00:00,0.2701696732908533,0.132354698444417,-10.4860580927517
2024-05-31 17:00:00+00:00,0.2413017437822404,0.08960279545162084,-10.244756348969458
2024-06-01 05:00:00+00:00,0.24228083637119427,0.08963597434811384,-10.002475512598265
2024-06-01 17:00:00+00:00,0.23853626644789758,0.073044213074923,-9.763939246150366
2024-06-02 05:00:00+00:00,0.24303972175648295,0.08281351642729683,-9.520899524393883
2024-06-02 17:00:00+00:00,0.22935700342465254,0.05741443844988897,-9.29154252096923
2024-06-03 05:00:00+00:00,0.24134657544548285,0.08483788343209596,-9.050195945523747
2024-06-03 17:00:00+00:00,0.22925249334181516,0.0579653636981548,-8.820943452181933
2024-06-04 05:00:00+00:00,0.2395782805833396,0.08361898346053381,-8.581365171598593
2024-06-04 17:00:00+00:00,0.05135466126761271,-0.004635832113109544,-8.53001051033098
2024-06-05 05:00:00+00:00,0.03766111104810294,-0.02834680381864857,-8.492349399282878
2024-06-05 17:00:00+00:00,0.052401973619710225,0.009771998084226217,-8.439947425663167
2024-06-06 05:00:00+00:00,0.05674890451601934,0.020927715928820728,-8.383198521147147
2024-06-06 17:00:00+00:00,0.04698992820016833,-0.005973076023333199,-8.336208592946978
2024-06-07 05:00:00+00:00,0.04335762547168469,-0.00919418901349525,-8.292850967475292
2024-06-07 17:00:00+00:00,0.1383753199304793,0.07312002776564516,-8.154475647544814
2024-06-08 05:00:00+00:00,0.14499849627078337,0.08736756261977942,-8.00947715127403
2024-06-08 17:00:00+00:00,0.13515430225027858,0.062759497733759,-7.874322849023752
2024-06-09 05:00:00+00:00,0.13436370965969874,0.06133264239816762,-7.739959139364053
2024-06-09 17:00:00+00:00,0.0923485441500232,0.02349707019007922,-7.64761059521403
2024-06-10 05:00:00+00:00,0.09217166115763008,0.02298057094349112,-7.5554389340564
2024-06-10 17:00:00+00:00,0.0872376521445435,0.014024832323665679,-7.468201281911856
2024-06-11 05:00:00+00:00,0.09885856401960506,0.03103707594721909,-7.369342717892251
2024-06-11 17:00:00+00:00,0.09115204625928122,0.026540116299432957,-7.27819067163297
2024-06-12 05:00:00+00:00,0.08304732658213054,0.006974220564702196,-7.195143345050839
2024-06-12 17:00:00+00:00,0.03056498927405962,-0.04281741274948594,-7.164578355776779
2024-06-13 05:00:00+00:00,0.006870023846007162,-0.06858696557124383,-7.157708331930772
2024-06-13 17:00:00+00:00,0.015336125518312989,-0.04916558538011665,-7.1423722064124595
2024-06-14 05:00:00+00:00,0.013804786687603791,-0.05376627144028023,-7.128567419724856
2024-06-14 17:00:00+00:00,-0.03227323774610212,-0.10545651494675205,-7.160840657470958
2024-06-15 05:00:00+00:00,-0.0573648251664813,-0.1480877980062334,-7.2182054826374396
2024-06-15 17:00:00+00:00,-0.024477107918906497,-0.11483853433030482,-7.242682590556346
2024-06-16 05:00:00+00:00,-0.014794870132302074,-0.09471046194210975,-7.257477460688649
2024-06-16 17:00:00+00:00,-0.001193737402444624,-0.06929888474900393,-7.258671198091093
2024-06-17 05:00:00+00:00,0.0003294797943592673,-0.06367888746005221,-7.258341718296734
2024-06-17 17:00:00+00:00,-0.03634983265366112,-0.10066314672422733,-7.294691550950395
2024-06-18 05:00:00+00:00,-0.03639750460508106,-0.10362463357680805,-7.331089055555476
2024-06-18 17:00:00+00:00,-0.07481356625194331,-0.13145188989504836,-7.405902621807419
2024-06-19 05:00:00+00:00,-0.07546201425105163,-0.1357279801313687,-7.481364636058471
2024-06-19 17:00:00+00:00,-0.07969370416254495,-0.14458033564461475,-7.561058340221016
2024-06-20 05:00:00+00:00,-0.06863499950513681,-0.1139628529199053,-7.629693339726153
2024-06-20 17:00:00+00:00,-0.07804209164557546,-0.13190345348203786,-7.707735431371728
2024-06-21 05:00:00+00:00,-0.07589820195600253,-0.13064858650734149,-7.783633633327731
2024-06-21 17:00:00+00:00,-0.07582852353745731,-0.13334201264755163,-7.859462156865188
2024-06-22 05:00:00+00:00,-0.0312011901376403,-0.09096964424917345,-7.890663347002828
2024-06-22 17:00:00+00:00,-0.030280840753005123,-0.08638488515327443,-7.9209441877558335
2024-06-23 05:00:00+00:00,-0.015566272456495812,-0.05626676417813013,-7.93651046021233
2024-06-23 17:00:00+00:00,-0.022565104744998028,-0.07347583965601484,-7.9590755649573275
2024-06-24 05:00:00+00:00,0.032940436663203565,-0.017936416025809504,-7.926135128294124
2024-06-24 17:00:00+00:00,-0.04514561560399828,-0.08691322089934186,-7.971280743898123
2024-06-25 05:00:00+00:00,-0.11058921286021252,-0.14842871732809274,-8.081869956758336
2024-06-25 17:00:00+00:00,-0.09263621459732353,-0.12549619112852234,-8.17450617135566
2024-06-26 05:00:00+00:00,-0.09082310800828011,-0.1140892427671151,-8.26532927936394
2024-06-26 17:00:00+00:00,-0.0896369541879439,-0.10323104898939008,-8.354966233551883
2024-06-27 05:00:00+00:00,-0.09703594516494918,-0.11531262315980548,-8.452002178716832
2024-06-27 17:00:00+00:00,-0.07725871864947285,-0.07359594410931115,-8.529260897366305
2024-06-28 05:00:00+00:00,-0.09827736516724814,-0.11049808774427644,-8.627538262533553
2024-06-28 17:00:00+00:00,-0.08863599785743799,-0.07870145385691102,-8.716174260390991
2024-06-29 05:00:00+00:00,-0.0879020418454246,-0.08295134047184617,-8.804076302236416
2024-06-29 17:00:00+00:00,-0.07013368735573745,-0.0531632904368811,-8.874209989592153
2024-06-30 05:00:00+00:00,-0.0520527293429658,-0.01651839171035605,-8.926262718935119
2024-06-30 17:00:00+00:00,-0.07005870406039054,-0.050953895587847006,-8.996321422995509
2024-07-01 05:00:00+00:00,-0.04629356143232895,-0.020054603709061262,-9.042614984427837
2024-07-01 17:00:00+00:00,-0.026276606635205393,0.007482773095584625,-9.068891591063043
2024-07-02 05:00:00+00:00,-0.03338217426723199,-0.008886493023210387,-9.102273765330274
2024-07-02 17:00:00+00:00,-0.13696654311792156,-0.08821588824644809,-9.239240308448196
2024-07-03 05:00:00+00:00,-0.17147405695339163,-0.12614857575348568,-9.410714365401587
2024-07-03 17:00:00+00:00,-0.17352901415198818,-0.12541683010770588,-9.584243379553575
2024-07-04 05:00:00+00:00,-0.14414368387974924,-0.0897501260704225,-9.728387063433324
2024-07-04 17:00:00+00:00,-0.1623757568361224,-0.12435127020250052,-9.890762820269446
2024-07-05 05:00:00+00:00,-0.5072301309946855,-0.1752518429036877,-10.397992951264131
2024-07-05 17:00:00+00:00,-0.49542266615754377,-0.1944551467123346,-10.893415617421674
2024-07-06 05:00:00+00:00,-0.5190356014529104,-0.24292054083157077,-11.412451218874585
2024-07-06 17:00:00+00:00,-0.4758336559307075,-0.16922665015928068,-11.888284874805292
2024-07-07 05:00:00+00:00,-0.47011444293620547,-0.14310316661219422,-12.358399317741497
2024-07-07 17:00:00+00:00,-0.4446644750066349,-0.0922080176862947,-12.803063792748132
2024-07-08 05:00:00+00:00,-0.4381174411646431,-0.07656640342224612,-13.241181233912775
2024-07-08 17:00:00+00:00,-0.45653831551710383,-0.13470714747907805,-13.697719549429879
2024-07-09 05:00:00+00:00,-0.46412335852998493,-0.1504210367655984,-14.161842907959864
2024-07-09 17:00:00+00:00,-0.4789840181769793,-0.1674254095598715,-14.640826926136842
2024-07-10 05:00:00+00:00,-0.501167273557217,-0.2107716895920952,-15.141994199694059
2024-07-10 17:00:00+00:00,-0.4901936485964767,-0.19327043678380057,-15.632187848290537
2024-07-11 05:00:00+00:00,-0.4806101340265005,-0.17229186227652388,-16.112797982317037
2024-07-11 17:00:00+00:00,-0.48330746223857163,-0.1878001235053728,-16.596105444555608
2024-07-12 05:00:00+00:00,-0.4820791883118488,-0.18571526366426466,-17.07818463286746
2024-07-12 17:00:00+00:00,-0.5138424920422929,-0.20913010397653697,-17.59202712490975
2024-07-13 05:00:00+00:00,-0.5088642078522858,-0.21216852514233212,-18.10089133276204
2024-07-13 17:00:00+00:00,-0.5193889750501931,-0.229363447132929,-18.620280307812234
2024-07-14 05:00:00+00:00,-0.47488445341939467,-0.1716191211331271,-19.09516476123163
2024-07-14 17:00:00+00:00,-0.47498414702341285,-0.16825063975144744,-19.570148908255042
2024-07-15 05:00:00+00:00,-0.4312863229155961,-0.1418343855767678,-20.00143523117064
2024-07-15 17:00:00+00:00,-0.4384876622326476,-0.1639197056055255,-20.439922893403285
2024-07-16 05:00:00+00:00,-0.4249369689294812,-0.19628512766510686,-20.864859862332764
2024-07-16 17:00:00+00:00,-0.41589830850337617,-0.1720271957531488,-21.28075817083614
2024-07-17 05:00:00+00:00,-0.4234687415209952,-0.19913841320533723,-21.704226912357136
2024-07-17 17:00:00+00:00,-0.4164907218856159,-0.18897259036043842,-22.12071763424275
2024-07-18 05:00:00+00:00,-0.4136373510537683,-0.18270643954742613,-22.53435498529652
2024-07-18 17:00:00+00:00,-0.38690582466380347,-0.1338939988308117,-22.921260809960323
2024-07-19 05:00:00+00:00,-0.431725585127913,-0.17206849661285878,-23.352986395088237
2024-07-19 17:00:00+00:00,-0.3809748363944121,-0.12521141709939068,-23.73396123148265
2024-07-20 05:00:00+00:00,-0.35558420009600755,-0.07832165737578344,-24.089545431578657
2024-07-20 17:00:00+00:00,-0.33675807289283294,-0.058760175255800816,-24.42630350447149
2024-07-21 05:00:00+00:00,-0.3419079793018152,-0.07221322994001565,-24.768211483773307
2024-07-21 17:00:00+00:00,-0.3540756736363345,-0.12164430690780363,-25.12228715740964
2024-07-22 05:00:00+00:00,-0.3555262810660236,-0.12172360542410099,-25.477813438475664
2024-07-22 17:00:00+00:00,-0.36053503711719587,-0.14721864309452437,-25.83834847559286
2024-07-23 05:00:00+00:00,-0.32900707739817237,-0.10672331476534751,-26.167355552991033
2024-07-23 17:00:00+00:00,-0.3348355838627851,-0.12864017272663786,-26.502191136853817
2024-07-24 05:00:00+00:00,-0.33354738684710405,-0.12254155051963724,-26.835738523700922
2024-07-24 17:00:00+00:00,-0.3328947177934788,-0.11934484993485964,-27.1686332414944
2024-07-25 05:00:00+00:00,-0.32969821546705685,-0.12273539673086192,-27.49833145696146
2024-07-25 17:00:00+00:00,-0.3213213431849634,-0.1037870186729172,-27.81965280014642
2024-07-26 05:00:00+00:00,-0.33660599473549313,-0.14353364341666433,-28.156258794881914
2024-07-26 17:00:00+00:00,-0.3467766930570694,-0.15255342292929513,-28.503035487938984
2024-07-27 05:00:00+00:00,-0.3471803925424904,-0.15433323165856278,-28.850215880481475
2024-07-27 17:00:00+00:00,-0.34071484638885385,-0.13926133692440396,-29.190930726870327
2024-07-28 05:00:00+00:00,-0.3271664233548241,-0.10800161880875649,-29.518097150225152
2024-07-28 17:00:00+00:00,-0.3263380895142685,-0.10907072002888962,-29.844435239739422
2024-07-29 05:00:00+00:00,-0.32660655872412736,-0.11371212826558545,-30.17104179846355
2024-07-29 17:00:00+00:00,-0.30860372851180873,-0.09926567785084597,-30.479645526975357
2024-07-30 05:00:00+00:00,-0.03434328009340157,-0.03225738328482844,-30.51398880706876
2024-07-30 17:00:00+00:00,-0.018736575878991413,0.0020398018596178256,-30.532725382947753
2024-07-31 05:00:00+00:00,-0.01329708391914114,0.010544719927043264,-30.546022466866894
2024-07-31 17:00:00+00:00,-0.033826545223159386,-0.014765255313055028,-30.579849012090055
2024-08-01 05:00:00+00:00,-0.10473489197194244,-0.06456810294029305,-30.684583904062
2024-08-01 17:00:00+00:00,-0.12682169065078394,-0.08789944647956202,-30.81140559471278
2024-08-02 05:00:00+00:00,-0.12670221150380084,-0.09305642335752867,-30.938107806216582
2024-08-02 17:00:00+00:00,-0.065441609923727,-0.014514209234646516,-31.00354941614031
2024-08-03 05:00:00+00:00,-0.06883345663344298,-0.019847522411511425,-31.07238287277375
2024-08-03 17:00:00+00:00,-0.03870675059124286,0.029805898662694,-31.111089623364993
2024-08-04 05:00:00+00:00,-0.005390054119903503,0.06436262134049424,-31.116479677484897
2024-08-04 17:00:00+00:00,0.12710962954935326,0.09888882889950984,-30.989370047935545
2024-08-05 05:00:00+00:00,0.27897159050939696,0.12860055869676573,-30.710398457426148
2024-08-05 17:00:00+00:00,0.3298446433303404,0.1862645313376067,-30.38055381409581
2024-08-06 05:00:00+00:00,0.3436486465537028,0.2107629595150908,-30.036905167542105
2024-08-06 17:00:00+00:00,0.32020832820596284,0.17933399433472527,-29.716696839336144
2024-08-07 05:00:00+00:00,0.31522851563584614,0.16657328592084267,-29.4014683237003
2024-08-07 17:00:00+00:00,0.32676179540597733,0.18665312084997976,-29.07470652829432
2024-08-08 05:00:00+00:00,0.32144968305083405,0.1778795691448294,-28.753256845243488
2024-08-08 17:00:00+00:00,0.29559038921191244,0.15066549805025567,-28.457666456031575
2024-08-09 05:00:00+00:00,0.27874340986836527,0.12663042889091072,-28.17892304616321
2024-08-09 17:00:00+00:00,0.29043245206894985,0.16190447905741195,-27.88849059409426
2024-08-10 05:00:00+00:00,0.32179774128502914,0.18971414173139575,-27.566692852809233
2024-08-10 17:00:00+00:00,0.318208074333246,0.179398362156614,-27.248484778475987
2024-08-11 05:00:00+00:00,0.3234829179988245,0.19571966050427364,-26.925001860477163
2024-08-11 17:00:00+00:00,0.32252165594817034,0.18933207252837658,-26.602480204528995
2024-08-12 05:00:00+00:00,0.3183411036613777,0.17552849888911284,-26.284139100867616
2024-08-12 17:00:00+00:00,0.3016607742303384,0.12554543021850578,-25.982478326637278
2024-08-13 05:00:00+00:00,0.3001610314203988,0.12089941292159091,-25.68231729521688
2024-08-13 17:00:00+00:00,0.2509051242993143,0.0547357464920442,-25.431412170917564
2024-08-14 05:00:00+00:00,0.2501228586633895,0.04685712654218787,-25.181289312254176
2024-08-14 17:00:00+00:00,0.2414569553117251,0.02704242166901983,-24.93983235694245
2024-08-15 05:00:00+00:00,0.2435663325477743,0.04147169335872661,-24.696266024394674
2024-08-15 17:00:00+00:00,0.2507702324190599,0.040913405788161564,-24.445495791975613
2024-08-16 05:00:00+00:00,0.25360205204887776,0.0443489960885436,-24.191893739926737
2024-08-16 17:00:00+00:00,0.26292852479556383,0.08549210713301973,-23.928965215131175
2024-08-17 05:00:00+00:00,0.2557277419567999,0.06172027332742229,-23.673237473174375
2024-08-17 17:00:00+00:00,0.2539220318950712,0.0483430521407822,-23.419315441279302
2024-08-18 05:00:00+00:00,0.25415378817490974,0.046583441788667655,-23.16516165310439
2024-08-18 17:00:00+00:00,0.24995664570138232,0.039091664598642176,-22.91520500740301
2024-08-19 05:00:00+00:00,0.2588546924479099,0.05764692708884513,-22.6563503149551
2024-08-19 17:00:00+00:00,0.2552187061999937,0.052656777125814555,-22.401131608755108
2024-08-20 05:00:00+00:00,0.2811168328843803,0.10691879476932234,-22.12001477587073
2024-08-20 17:00:00+00:00,0.23274702663162583,0.06366923180021952,-21.887267749239104
2024-08-21 05:00:00+00:00,0.23252143934999314,0.062140019846306835,-21.65474630988911
2024-08-21 17:00:00+00:00,0.23845838089073262,0.08741916726433349,-21.416287928998376
2024-08-22 05:00:00+00:00,0.2417022123628925,0.09320625035425548,-21.174585716635484
2024-08-22 17:00:00+00:00,0.24365393999804544,0.10284368168208316,-20.93093177663744
2024-08-23 05:00:00+00:00,0.2327413949761321,0.07859542126991925,-20.69819038166131
2024-08-23 17:00:00+00:00,0.26211468062420085,0.12662786836170103,-20.436075701037108
2024-08-24 05:00:00+00:00,0.26237684893051055,0.12346160536947998,-20.173698852106597
2024-08-24 17:00:00+00:00,0.25576114560318214,0.09583618477081726,-19.917937706503416
2024-08-25 05:00:00+00:00,0.26344220380799455,0.11774225567061733,-19.654495502695422
2024-08-25 17:00:00+00:00,0.26326780021653623,0.11673032240665401,-19.391227702478886
2024-08-26 05:00:00+00:00,0.31724618519657954,0.17449423785948498,-19.073981517282306
2024-08-26 17:00:00+00:00,0.3455817781438452,0.2259416361574029,-18.72839973913846
2024-08-27 05:00:00+00:00,0.35028028274410955,0.2392144595745368,-18.37811945639435
2024-08-27 17:00:00+00:00,0.3178437708939726,0.1631141986976517,-18.06027568550038
2024-08-28 05:00:00+00:00,0.3156244446923753,0.17253264572642665,-17.744651240808004
2024-08-28 17:00:00+00:00,0.3044565917356969,0.15777165305501772,-17.440194649072307
2024-08-29 05:00:00+00:00,0.30535568686799985,0.16680418802553137,-17.134838962204306
2024-08-29 17:00:00+00:00,0.23747979640069986,0.13588574893138777,-16.897359165803607
2024-08-30 05:00:00+00:00,0.07446945163943951,0.11111788953704049,-16.822889714164166
2024-08-30 17:00:00+00:00,-0.00962656565642686,0.034410315046341386,-16.83251627982059
2024-08-31 05:00:00+00:00,-0.036692707275366505,-0.01904706495771022,-16.86920898709596
2024-08-31 17:00:00+00:00,-0.012285008750858029,0.011406005787696486,-16.881493995846817
2024-09-01 05:00:00+00:00,0.015810623293302163,0.06926924846531614,-16.865683372553516
2024-09-01 17:00:00+00:00,-0.03310854213119421,0.03002802997249505,-16.89879191468471
2024-09-02 05:00:00+00:00,-0.06412911251278802,-0.03402453889480226,-16.9629210271975
2024-09-02 17:00:00+00:00,-0.025317752701731627,0.021041092214915305,-16.98823877989923
2024-09-03 05:00:00+00:00,-0.02748118008453939,0.014542707588451708,-17.01571995998377
2024-09-03 17:00:00+00:00,-0.027230349874139432,0.0057851632328616235,-17.042950309857908
2024-09-04 05:00:00+00:00,0.010162178893252452,0.04656574249434284,-17.032788130964654
2024-09-04 17:00:00+00:00,-0.09016954935378815,-0.011369208074096008,-17.122957680318443
2024-09-05 05:00:00+00:00,-0.08520447793770207,0.0068107276846429065,-17.208162158256144
2024-09-05 17:00:00+00:00,-0.09641996909803044,-0.021240682864071363,-17.304582127354173
2024-09-06 05:00:00+00:00,-0.09726993118677364,-0.02528883794984354,-17.401852058540946
2024-09-06 17:00:00+00:00,-0.06866398560162876,0.0183406383386148,-17.470516044142574
2024-09-07 05:00:00+00:00,-0.06290348500001963,0.035504673960715924,-17.533419529142595
2024-09-07 17:00:00+00:00,-0.048924540679492166,0.05547607595515598,-17.58234406982209
2024-09-08 05:00:00+00:00,-0.05195796239489288,0.04398016889381274,-17.634302032216983
2024-09-08 17:00:00+00:00,-0.07244645680160605,0.00684772493594752,-17.70674848901859
2024-09-09 05:00:00+00:00,-0.0839371381031654,-0.027918371694442248,-17.790685627121757
2024-09-09 17:00:00+00:00,-0.004792863164718309,0.04360679041264561,-17.795478490286474
2024-09-10 05:00:00+00:00,-0.003090154170555724,0.039549177352591565,-17.79856864445703
2024-09-10 17:00:00+00:00,-0.02579425146301362,-0.0022377396135986275,-17.824362895920046
2024-09-11 05:00:00+00:00,-0.0005982904298874902,0.03352712025196595,-17.824961186349935
2024-09-11 17:00:00+00:00,0.046818121828522866,0.10568351271611431,-17.778143064521412
2024-09-12 05:00:00+00:00,0.03111691381582635,0.07284242605401035,-17.747026150705587
2024-09-12 17:00:00+00:00,0.04059984362718076,0.08816857624973533,-17.706426307078406
2024-09-13 05:00:00+00:00,0.03456860729170202,0.07045492524597383,-17.671857699786703
2024-09-13 17:00:00+00:00,0.02443055690022351,0.05006696056322221,-17.647427142886478
2024-09-14 05:00:00+00:00,0.0006362710438598348,0.015484446591982828,-17.64679087184262
2024-09-14 17:00:00+00:00,0.052841256772483275,0.05740300984048534,-17.593949615070134
2024-09-15 05:00:00+00:00,0.053663226236484715,0.060404843723329084,-17.54028638883365
2024-09-15 17:00:00+00:00,0.04889419008448588,0.048549346766918605,-17.491392198749164
2024-09-16 05:00:00+00:00,0.028063697226200182,0.01268884000600493,-17.463328501522962
2024-09-16 17:00:00+00:00,-0.004055281484143506,-0.041798881203821206,-17.467383783007104
2024-09-17 05:00:00+00:00,0.007147576124654855,-0.020788395716025636,-17.46023620688245
2024-09-17 17:00:00+00:00,-0.0890870429673309,-0.06218138215739099,-17.54932324984978
2024-09-18 05:00:00+00:00,-0.09185870160368353,-0.06827113340909377,-17.641181951453465
2024-09-18 17:00:00+00:00,-0.07788899180759146,-0.05351816862983971,-17.719070943261055
2024-09-19 05:00:00+00:00,-0.09071735479955462,-0.0760859681070838,-17.80978829806061
2024-09-19 17:00:00+00:00,-0.08514548039736256,-0.0678907801009768,-17.894933778457972
2024-09-20 05:00:00+00:00,-0.08458708499973641,-0.06773833857975496,-17.979520863457708
2024-09-20 17:00:00+00:00,-0.07760772908774345,-0.05336614477087465,-18.05712859254545
2024-09-21 05:00:00+00:00,-0.07768536639119764,-0.053763601882109574,-18.134813958936647
2024-09-21 17:00:00+00:00,-0.05279648143772902,-0.019381822973320115,-18.187610440374375
2024-09-22 05:00:00+00:00,-0.052801010578499376,-0.014097297987486485,-18.240411450952873
2024-09-22 17:00:00+00:00,-0.06974271298138743,-0.033690024628426594,-18.31015416393426
2024-09-23 05:00:00+00:00,-0.0819472924077265,-0.061424732278962516,-18.392101456341987
2024-09-23 17:00:00+00:00,-0.09038569899994059,-0.08657041100092544,-18.48248715534193
2024-09-24 05:00:00+00:00,-0.10551383705309696,-0.11587707858237672,-18.588000992395024
2024-09-24 17:00:00+00:00,-0.10042504899030663,-0.10893053326323535,-18.68842604138533
2024-09-25 05:00:00+00:00,-0.09645766132629244,-0.09528421041439286,-18.784883702711625
2024-09-25 17:00:00+00:00,-0.08284908127007834,-0.0693207285024302,-18.867732783981705
2024-09-26 05:00:00+00:00,-0.10835892725567951,-0.09436337024380292,-18.976091711237384
2024-09-26 17:00:00+00:00,-0.1255400179369767,-0.11983355667222785,-19.10163172917436
2024-09-27 05:00:00+00:00,-0.11150564381649081,-0.09154367556578312,-19.21313737299085
2024-09-27 17:00:00+00:00,-0.1298392960028185,-0.12946615818852453,-19.342976668993668
2024-09-28 05:00:00+00:00,-0.13014617972071005,-0.13273187072482248,-19.47312284871438
2024-09-28 17:00:00+00:00,-0.14213301767444436,-0.15020927678605173,-19.61525586638882
2024-09-29 05:00:00+00:00,-0.19945162460386534,-0.19825715166015068,-19.81470749099269
2024-09-29 17:00:00+00:00,-0.08733958445060458,-0.15567186325548057,-19.902047075443292
2024-09-30 05:00:00+00:00,-0.10461409052908048,-0.1866783756608679,-20.00666116597237
2024-09-30 17:00:00+00:00,-0.09286556471832973,-0.17500649791299092,-20.0995267306907
2024-10-01 05:00:00+00:00,-0.09148223242895491,-0.17015982047413306,-20.191008963119657
2024-10-01 17:00:00+00:00,-0.08156848281033867,-0.14686337331613528,-20.272577445929997
2024-10-02 05:00:00+00:00,-0.08581265110949952,-0.16193073017028245,-20.358390097039496
2024-10-02 17:00:00+00:00,-0.09618929970250636,-0.17543257770680076,-20.454579396742
2024-10-03 05:00:00+00:00,-0.0992860461117273,-0.17941509778739173,-20.55386544285373
2024-10-03 17:00:00+00:00,-0.11000622553507786,-0.1833460494683708,-20.663871668388808
2024-10-04 05:00:00+00:00,-0.10550529401374241,-0.16243296422884715,-20.76937696240255
2024-10-04 17:00:00+00:00,-0.15644287349397518,-0.21802709045177526,-20.925819835896526
2024-10-05 05:00:00+00:00,-0.15078371422591913,-0.21034551632805176,-21.076603550122446
2024-10-05 17:00:00+00:00,-0.14005113763815893,-0.1962815697374359,-21.216654687760606
2024-10-06 05:00:00+00:00,-0.20181847204417636,-0.25680986089078456,-21.418473159804783
2024-10-06 17:00:00+00:00,-0.2635526458997262,-0.3127122405905976,-21.68202580570451
2024-10-07 05:00:00+00:00,-0.2545667964557583,-0.301029252193693,-21.936592602160268
2024-10-07 17:00:00+00:00,-0.26238836259721837,-0.3170626266186983,-22.198980964757485
2024-10-08 05:00:00+00:00,-0.242817141020999,-0.28262328600948305,-22.441798105778485
2024-10-08 17:00:00+00:00,-0.2559376009957957,-0.293212935147933,-22.69773570677428
2024-10-09 05:00:00+00:00,-0.2635263205262768,-0.29693903964933893,-22.96126202730056
2024-10-09 17:00:00+00:00,-0.2604175573931964,-0.291199308248233,-23.221679584693756
2024-10-10 05:00:00+00:00,-0.26095008069426145,-0.29440383803829345,-23.482629665388018
2024-10-10 17:00:00+00:00,-0.14081161282669677,-0.25058226900338276,-23.623441278214713
2024-10-11 05:00:00+00:00,-0.11732581531837645,-0.23141324703723273,-23.74076709353309
2024-10-11 17:00:00+00:00,0.025811670074555048,-0.12090482115541407,-23.714955423458534
2024-10-12 05:00:00+00:00,0.011253916700283811,-0.1614386795017669,-23.70370150675825
2024-10-12 17:00:00+00:00,0.006143610330016688,-0.17025030938399388,-23.697557896428233
2024-10-13 05:00:00+00:00,0.0014788411132957934,-0.18122534006649044,-23.696079055314936
2024-10-13 17:00:00+00:00,0.017810445415294925,-0.16622499275323865,-23.67826860989964
2024-10-14 05:00:00+00:00,-0.013967434996983543,-0.1819922396425869,-23.692236044896624
2024-10-14 17:00:00+00:00,-0.027919518275616343,-0.2019870250084002,-23.72015556317224
2024-10-15 05:00:00+00:00,-0.01884610355012567,-0.18562253541263932,-23.739001666722366
2024-10-15 17:00:00+00:00,-0.04976387593828586,-0.23487331756255223,-23.788765542660652
2024-10-16 05:00:00+00:00,-0.04854035775584313,-0.22872213770569355,-23.837305900416496
2024-10-16 17:00:00+00:00,-0.04526545127258491,-0.21688692224751185,-23.88257135168908
2024-10-17 05:00:00+00:00,-0.05506037761495385,-0.2371608722056407,-23.937631729304034
2024-10-17 17:00:00+00:00,-0.05319646091216899,-0.23995869389021918,-23.990828190216202
2024-10-18 05:00:00+00:00,-0.028752907995710772,-0.1902360023268613,-24.019581098211912
2024-10-18 17:00:00+00:00,-0.03405291987047831,-0.19480714910688093,-24.05363401808239
2024-10-19 05:00:00+00:00,-0.031367629538827,-0.18925986765591607,-24.08500164762122
2024-10-19 17:00:00+00:00,-0.019539502819717402,-0.17936953623303753,-24.104541150440937
2024-10-20 05:00:00+00:00,-0.0196894646618142,-0.18001063717221163,-24.12423061510275
2024-10-20 17:00:00+00:00,-0.0413888954961578,-0.21843074818037084,-24.16561951059891
2024-10-21 05:00:00+00:00,-0.04382822510829046,-0.23518516777423012,-24.209447735707197
2024-10-21 17:00:00+00:00,-0.035466866679193576,-0.22689708591575122,-24.24491460238639
2024-10-22 05:00:00+00:00,-0.039542744445091975,-0.23883573835137614,-24.284457346831484
2024-10-22 17:00:00+00:00,-0.032723944693674026,-0.23555545270777034,-24.31718129152516
2024-10-23 05:00:00+00:00,-0.02835783293937871,-0.22160957232078093,-24.345539124464537
2024-10-23 17:00:00+00:00,-0.003997550748584898,-0.17527898083641621,-24.349536675213123
2024-10-24 05:00:00+00:00,-0.0009848464035379229,-0.1704083005313577,-24.35052152161666
2024-10-24 17:00:00+00:00,0.0003449517313628764,-0.1648806496052646,-24.350176569885296
2024-10-25 05:00:00+00:00,0.017569687969523205,-0.14476961494378823,-24.332606881915773
2024-10-25 17:00:00+00:00,0.07765184833986691,-0.07887265145807466,-24.254955033575907
2024-10-26 05:00:00+00:00,0.07905890087212418,-0.06900766146005963,-24.175896132703784
2024-10-26 17:00:00+00:00,0.03264456982490716,-0.12882390487860665,-24.143251562878877
2024-10-27 05:00:00+00:00,0.032427133248657654,-0.12901809835256076,-24.11082442963022
2024-10-27 17:00:00+00:00,0.03710913728629283,-0.11924383429640233,-24.073715292343927
2024-10-28 05:00:00+00:00,0.04058169226071351,-0.10729444521712864,-24.033133600083215
2024-10-28 17:00:00+00:00,0.12600995541223484,-0.0284590132214291,-23.90712364467098
2024-10-29 05:00:00+00:00,0.11225996921333713,-0.05688944297605374,-23.79486367545764
2024-10-29 17:00:00+00:00,0.13550663801754942,-0.02497783787701776,-23.659357037440092
2024-10-30 05:00:00+00:00,0.13462224207175044,-0.026370613686327267,-23.524734795368342
2024-10-30 17:00:00+00:00,0.144341575903907,-0.004197894266984194,-23.380393219464434
2024-10-31 05:00:00+00:00,0.1462822644140852,-0.0003087702071809328,-23.234110955050348
2024-10-31 17:00:00+00:00,0.07603866664678376,-0.058683272925604546,-23.158072288403563
